{
    "file1": {
        "location": "C:\\Users\\WhysoseriousONI\\Documents\\NetBeansProjects\\Freshworks\\src\\main\\java\\FileSystem\\temp.json",
        "used": false,
        "client_id": 0
    },
    "file2": {
        "location": "C:\\Users\\WhysoseriousONI\\Documents\\NetBeansProjects\\Freshworks\\src\\main\\java\\FileSystem\\temp2.json",
        "used": false,
        "client_id": 0
    },
    "jLabel3": {
        "location": "C://Users//WhysoseriousONI//Desktop//asd.json",
        "used": false,
        "client_id": "0"
    },
    "asdd": {
        "location": "C://Users//WhysoseriousONI//Desktop//asdd.json",
        "used": false,
        "client_id": "0"
    },
    "testd1": {
        "location": "C://Users//WhysoseriousONI//Desktop//test.json",
        "used": false,
        "client_id": "0"
    },
    "jTextField1": {
        "location": "C://Users//WhysoseriousONI//Documents//NetBeansProjects//Freshworks//src//main//java//FileSystem//jTextField1.json",
        "used": false,
        "client_id": "0"
    }
}