{
    "key1---0": {
        "value1": "value1"
    },
    "key2---1609148807285": {
        "value2": "value2"
    },
    "key3---1609100985702": {
        "value3": "value3"
    },
    "asdfsdf---1609100985702": {
        "gdfhfgh": "adsasd",
        "ghjkdjfgkhgdfs": "jlkdfgshkidf",
        "fdfgdfgdfg": "hjkhk",
        "dgfhfjhgfj": [{
                "jhgfjgh": ["1", "2", "3", "4", "5"]
            }]
    },
    "adshfjlk---0": {
        "sdfsdfsd": "f",
        "ddfgdfg": "asdas",
        "fdsfsdf": true,
        "aasdgfsd": [{
                "fdssdfsd": 3
            }, {
                "gdfkjglfd;": 2
            }, {
                "dalkdaslkdj": ["23", "213", "5", "67"]
            }]
    },
    "needskey---0": {
        "tempadd": "tempo value"
    },
    "hello---1611025870416963": {
        "value1": "value1"
    },
    "hello---1611026023166560": {
        "value": 1
    },
    "hello1---1611026043835208": {
        "value1": 1
    }
}